Named Employee ID,ID #
11,2954
12,2974
15,3050
16,3140
18,3170
22,3564
24,3697
25,3787
27,3814
29,3946
30,3955
31,3982
34,4061
37,4097
39,4149
40,4161
42,4170
44,4193
46,4219
49,4230
50,4236
57,4258
59,4265
68,4306
70,4311
71,4313
72,4320
73,4321
74,4322
75,4324
76,4325
77,4326
79,4331
82,4364
83,4368
84,4376
85,4379
86,4381
87,4383
89,4389
91,4413
92,4424
93,4430
95,4438
96,4451
97,4452
101,4492
102,4494
104,4507
106,4525
107,4527
108,4535
110,4559
113,4579
115,4585
117,4589
118,4595
121,4606
122,4614
124,4617
125,4621
126,4627
127,4650
131,4688
133,4695
135,4699
136,4702
137,4703
140,4706
141,4708
142,4710
143,4726
144,4727
145,4729
149,4737
150,4738
151,4742
152,4743
154,4748
155,4749
159,4756
160,4760
162,4767
164,4784
166,4792
167,4796
170,4806
171,4810
173,4814
175,4821
176,4823
177,4824
179,4826
180,4831
181,4835
182,4836
183,4837
184,4839
185,4843
187,4845
188,4852
191,4857
193,4861
194,4864
195,4870
197,4876
198,4877
199,4880
200,4882
202,4886
204,4892
205,4895
208,4901
210,4904
211,4910
212,4912
213,4916
218,4932
221,4935
223,4941
225,4949
228,4952
234,4980
235,4981
236,4987
237,4989
238,4991
239,4993
243,5002
244,5003
245,5004
247,5011
248,5012
250,5014
254,5023
256,5029
257,5033
258,5036
261,5059
262,5060
263,5062
264,5065
265,5067
267,5072
269,5076
270,5077
271,5081
277,5094
279,5096
281,5098
283,5102
286,5105
287,5106
288,5107
289,5108
290,5110
291,5111
293,5118
294,5120
296,5123
297,5126
300,5130
303,5134
304,5135
305,5137
308,5143
309,5144
311,5151
312,5152
313,5153
315,5156
317,5160
318,5161
319,5162
320,5163
322,5167
324,5176
325,5178
327,5181
328,5182
329,5183
330,5184
333,5191
334,5192
335,5193
338,5209
340,5212
341,5214
346,5226
350,5230
352,5233
354,5236
355,5237
359,5249
360,5251
361,5252
363,5255
364,5256
366,5258
367,5259
368,5261
369,5264
371,5273
372,5275
373,5278
378,5285
379,5286
380,5287
381,5288
382,5290
384,5295
387,5302
388,5306
389,5308
390,5310
393,5316
395,5327
396,5334
397,5335
398,5336
399,5337
400,5339
402,5344
403,5346
404,5348
405,5350
406,5358
407,5359
408,5360
410,5365
411,5366
412,5368
415,5371
418,5384
421,5388
425,5402
428,5409
429,5411
430,5412
431,5413
432,5414
436,5425
439,5428
441,5430
444,5434
445,5435
446,5436
447,5438
452,5444
453,5445
454,5449
456,5452
457,5453
463,5465
465,5467
466,5469
467,5472
471,5477
472,5481
475,5487
476,5489
477,5490
478,5491
479,5494
480,5495
481,5497
483,5501
485,5503
487,5511
489,5516
490,5517
492,5523
495,5535
496,5539
497,5541
498,5548
505,5560
506,5561
507,5562
510,5569
513,5573
514,5574
515,5575
519,5586
520,5588
524,5598
526,5607
531,5618
532,5619
533,5623
534,5624
535,5626
537,5630
541,5640
544,5643
545,5644
546,5647
549,5653
550,5654
551,5655
552,5662
553,5664
554,5665
555,5666
556,5668
557,5669
558,5670
559,5677
560,5678
563,5689
565,5696
573,5708
574,5709
576,5712
577,5715
578,5716
579,5717
580,5719
581,5720
583,5727
584,5728
587,5737
588,5738
590,5740
591,5741
592,5742
593,5744
596,5753
597,5758
598,5759
599,5760
600,5762
601,5763
604,5771
606,5773
607,5774
608,5776
610,5778
611,5780
612,5781
613,5782
615,5784
619,5790
620,5797
621,5798
622,5799
623,5801
624,5803
625,5804
631,5825
632,5826
634,5830
635,5831
636,5833
637,5834
638,5835
639,5836
640,5837
641,5840
642,5841
643,5843
645,5845
646,5847
648,5850
649,5851
650,5852
652,5856
653,5857
654,5858
655,5859
657,5861
658,5862
660,5869
661,5870
662,5871
663,5872
664,5874
665,5875
666,5876
667,5878
668,5880
671,5884
672,5885
673,5886
675,5892
676,5893
679,5912
680,5913
681,5914
682,5917
685,5921
687,5923
688,5924
689,5925
690,5927
691,5928
692,5929
694,5932
695,5934
696,5935
697,5937
698,5938
699,5947
700,5954
701,5955
703,5957
704,5960
705,5963
706,5965
707,5966
709,5969
710,5971
711,5972
712,5973
714,5976
715,5977
719,5983
720,5984
721,5987
722,5989
723,5990
724,5992
725,5994
726,5995
728,5999
732,6012
733,6019
736,6023
739,6026
740,6027
741,6028
742,6034
744,6037
746,6040
747,6041
748,6044
750,6047
751,6049
753,6051
754,6052
756,6055
757,6057
760,6066
761,6069
762,6070
764,6076
765,6077
766,6078
767,6079
768,6080
769,6081
771,6088
773,6090
774,6091
775,6092
776,6094
779,6100
780,6101
782,6103
783,6104
784,6106
785,6108
787,6111
788,6112
790,6114
791,6115
792,6116
793,6117
794,6118
797,6122
798,6123
800,6127
801,6128
804,6131
807,6136
808,6138
811,6146
814,6149
816,6152
818,6156
822,6162
823,6165
824,6166
825,6167
826,6168
827,6179
828,6180
829,6181
830,6182
832,6186
835,6194
836,6195
844,6215
845,6216
848,6221
850,6223
852,6226
853,6227
854,6228
855,6229
857,6235
859,6237
863,6244
865,6246
866,6247
869,6257
871,6260
872,6262
873,6263
875,6265
876,6268
877,6269
878,6270
879,6273
880,6274
881,6275
882,6276
883,6277
886,6283
887,6284
888,6285
889,6286
890,6287
891,6288
892,6289
893,6290
895,6293
896,6294
897,6295
898,6296
901,6299
903,6303
904,6304
905,6305
906,6307
907,6308
908,6310
909,6311
911,6313
912,6314
913,6316
914,6317
915,6318
916,6319
917,6320
919,6322
920,6325
922,6328
925,6334
927,6336
928,6337
930,6339
931,6341
932,6342
935,6349
937,6353
938,6354
939,6355
940,6358
943,6364
944,6365
945,6366
947,6371
948,6378
949,6380
950,6382
952,6387
953,6388
955,6392
956,6393
957,6394
961,6400
962,6401
963,6403
964,6404
965,6406
966,6407
967,6412
968,6413
969,6414
970,6417
971,6418
972,6421
973,6422
976,6428
983,6448
987,6452
988,6454
990,6456
991,6457
993,6461
994,6462
997,6469
998,6471
1002,6478
1017,6523
1018,6524
1019,6526
1026,6543
1035,6570
1037,6575
1039,6600
1040,6602
1041,6603
1042,6604
1045,6608
1046,6609
1047,6610
1050,6613
1051,6616
1052,6617
1053,6620
1054,6621
1055,6622
1057,6627
1058,6628
1059,6632
1060,6633
1061,6635
1065,6643
1066,6645
1067,6646
1068,6648
1069,6654
1070,6655
1071,6656
1072,6657
1073,6662
1074,6666
1076,6668
1077,6671
1078,6672
1079,6673
1081,6678
1082,6680
1083,6684
1084,6685
1085,6686
1086,6687
1087,6688
1088,6689
1089,6690
1090,6692
1091,6693
1092,6694
1093,6696
1095,6698
1097,6706
1098,6707
1099,6709
1100,6711
1101,6715
1103,6718
1105,6721
1106,6724
1107,6725
1108,6726
1109,6728
1110,6732
1113,6739
1114,6740
1115,6742
1116,6744
1117,6746
1118,6747
1119,6748
1121,6750
1122,6751
1123,6752
1124,6753
1126,6759
1127,6760
1128,6761
1129,6763
1132,6768
1133,6770
1134,6773
1136,6777
1137,6778
1139,6782
1140,6783
1141,6788
1143,6791
1144,6792
1145,6793
1147,6798
1148,6799
1149,6800
1150,6801
1153,6805
1157,6810
1158,6812
1159,6813
1161,6815
1162,6816
1164,6822
1165,6823
1166,6824
1167,6827
1168,6828
1169,6829
1170,6830
1171,6833
1172,6834
1174,6836
1175,6838
1176,6840
1178,6844
1179,6845
1180,6848
1181,6849
1183,6854
1184,6855
1186,6858
1188,6861
1189,6863
1190,6864
1192,6872
1193,6874
1194,6875
1195,6876
1196,6877
1197,6878
1198,6879
1199,6880
1200,6882
1201,6883
1202,6885
1203,6887
1204,6890
1207,6894
1211,6899
1212,6900
1213,6901
1214,6902
1215,6903
1216,6904
1217,6906
1218,6907
1219,6908
1221,6910
1222,6913
1223,6917
1224,6918
1225,6919
1226,6920
1227,6921
1229,6924
1230,6926
1232,6928
1233,6929
1234,6933
1235,6935
1236,6936
1237,6938
1238,6940
1239,6942
1240,6944
1241,6945
1242,6947
1243,6948
1244,6949
1245,6950
1247,6952
1248,6953
1249,6954
1250,6955
1251,6957
1252,6958
1254,6963
1255,6965
1257,6967
1258,6968
1259,6969
1260,6970
1261,6971
1262,6972
1263,6973
1264,6978
1265,6979
1266,6980
1267,6983
1268,6984
1269,6985
1270,6986
1271,6987
1273,6992
1276,7000
1281,7015
1283,7020
1287,7026
1291,7038
1292,7039
1293,7041
1298,7051
1309,7076
1311,7084
1312,7085
1314,7089
1321,7108
1322,7109
1323,7111
1326,7120
1331,7130
1336,7140
1337,7141
1340,7146
1341,7147
1344,7152
1345,7154
1347,7157
1351,7162
1353,7165
1360,7175
1362,7177
1363,7178
1364,7179
1367,7186
1369,7190
1371,7192
1374,7196
1377,7204
1378,7205
1391,7221
1394,7225
1396,7228
1398,7230
1401,7236
1403,7238
1405,7240
1406,7242
1407,7243
1412,7249
1413,7250
1422,7261
1425,7266
1429,7270
1433,7276
1434,7278
1435,7279
1443,7288
1445,7290
1446,7291
1447,7292
1448,7293
1450,7296
1456,7303
1463,7314
1465,7316
1468,7319
1472,7324
1473,7325
1474,7326
1475,7327
1478,7331
1483,7337
1486,7340
1491,7345
1492,7346
1494,7348
1502,7358
1520,7379
1521,7380
1522,7381
1523,7382
1524,7383
1525,7384
1530,7392
1534,7397
1535,7398
1537,7400
1538,7401
1539,7402
1540,7403
1542,7407
1543,7408
1544,7410
1545,7411
1546,7412
1547,7413
1548,7414
1549,7415
1550,7416
1551,7417
1552,7418
1553,7419
1556,7423
1557,7424
1558,7426
1559,7427
1560,7428
1561,7429
1562,7430
1563,7431
1564,7433
1565,7434
1567,7436
1568,7437
1570,7440
1571,7441
1572,7442
1573,7443
1574,7444
1575,7445
1576,7446
1577,7447
1578,7448
1579,7450
1580,7451
1581,7452
1582,7453
1583,7454
1584,7455
1585,7456
1586,7457
1587,7458
1588,7459
1589,7460
1590,7461
1591,7462
1592,7463
1593,7464
1594,7465
1595,7467
1596,7468
1597,7469
1598,7470
1599,7472
1600,7473
1601,7474
1602,7479
1603,7481
1604,7482
1605,7486
1607,7488
1608,7489
1609,7490
1610,7491
1611,7492
1612,7493
1615,7496
1616,7497
1617,7498
1618,7499
1619,7500
1621,7502
1622,7503
1623,7506
1624,7507
1625,7509
1626,7510
1627,7512
1628,7513
1629,7514
1630,7515
1631,7517
1633,7519
1634,7520
1635,7521
1636,7522
1637,7523
1638,7525
1639,7526
1640,7527
1641,7528
1642,7530
1643,7531
1644,7532
1645,7533
1646,7534
1647,7535
1648,7536
1649,7537
1650,7538
1651,7539
1652,7540
1653,7541
1654,7543
1655,7544
1656,7546
1657,7547
1658,7548
1659,7549
1660,7550
1661,7552
1662,7553
1663,7555
1664,7556
1665,7557
1668,7560
1669,7561
1670,7562
1671,7563
1672,7564
1673,7565
1675,7567
1676,7568
1677,7569
1678,7570
1679,7571
1681,7574
1682,7575
1683,7576
1684,7577
1685,7578
1686,7579
1687,7580
1688,7581
1689,7582
1690,7583
1692,7585
1693,7586
1694,7588
1696,7590
1697,7591
1698,7592
1699,7593
1701,7595
1702,7596
1705,7599
1707,7601
1708,7602
1709,7603
1710,7605
1711,7606
1712,7607
1713,7608
1714,7610
1715,7611
1716,7612
1717,7613
1718,7614
1719,7615
1721,7617
1722,7619
1723,7620
1724,7621
1725,7622
1729,7627
1730,7629
1731,7630
1732,7631
1733,7632
1734,7633
1735,7634
1737,7637
1738,7638
1739,7639
1740,7640
1741,7641
1742,7642
1743,7643
1744,7646
1745,7648
1746,7649
1747,7651
1748,7652
1749,7653
1750,7654
1751,7655
1752,7656
1753,7657
1754,7658
1755,7659
1756,7660
1757,7661
1760,7664
1762,7666
1763,7667
1764,7668
1765,7669
1766,7670
1768,7672
1769,7673
1770,7674
1771,7675
1772,7676
1773,7677
1774,7678
1775,7679
1776,7680
1777,7682
1778,7684
1779,7685
1780,7686
1781,7688
1782,7690
1783,7691
1784,7692
1785,7693
1786,7694
1787,7695
1788,7696
1789,7697
1790,7698
1791,7699
1792,7700
1793,7701
1794,7702
1795,7703
1796,7704
1797,7705
1799,7707
1801,7709
1803,7711
1804,7712
1805,7713
1806,7714
1807,7715
1808,7716
1809,7717
1810,7718
1811,7719
1812,7720
1813,7721
1814,7722
1815,7723
1816,7724
1817,7725
1818,7726
1819,7727
1820,7728
1821,7729
1822,7730
1823,7731
1824,7732
1825,7733
1826,7734
1827,7735
1828,7736
1829,7737
1830,7738
1831,7739
1832,7740
1833,7741
1834,7742
1835,7743
1836,7744
1837,7745
1838,7746
1839,7747
1840,7748
1841,7749
1842,7750
1844,7752
1845,7753
1846,7754
1847,7755
1848,7756
1849,7757
1850,7758
1851,7759
1852,7760
1853,7761
1855,7763
1857,7765
1858,7766
1859,7767
1861,7769
1862,7770
1863,7771
1864,7772
1865,7773
1867,7775
1868,7776
1869,7777
1870,7778
1871,7779
1873,7781
1874,7782
1875,7783
1876,7784
1877,7785
1878,7786
1879,7787
1880,7788
1881,7789
1882,7790
1883,7791
1884,7792
1886,7794
1887,7795
1888,7796
1889,7797
1890,7798
1891,7799
1893,7802
1894,7803
1895,7804
1896,7805
1897,7806
1898,7807
1899,7808
1901,7811
1902,7812
1913,7823
1914,7824
1924,7835
1925,7836
1929,7840
1934,7845
1936,7847
1941,7854
1945,7858
1948,7861
1951,7864
1952,7865
1959,7872
1964,7877
1975,7888
1978,7891
1984,7897
1990,7903
2006,7921
2007,7922
2008,7923
2019,7934
2020,7935
2021,7936
2025,7940
2026,7941
2027,7942
2028,7943
2029,7944
2030,7945
2037,7952
2038,7953
2042,7957
2047,7963
2048,7964
2049,7965
2050,7966
2051,7967
2061,7978
2063,7980
2088,8005
2092,8009
2094,8300
2095,8301
2096,8302
2097,8303
2098,8304
2099,8305
2100,8306
2102,8308
2103,8309
2104,8310
2106,8312
2107,8313
2108,8314
2109,8315
2111,8317
2112,8318
2113,8319
2115,8321
2116,8322
2117,8323
2118,8324
2119,8325
2120,8326
2121,8327
2122,8328
2123,8329
2124,8330
2125,8331
2126,8332
2127,8333
2128,8334
2129,8335
2130,8336
2131,8337
2132,8338
2133,8339
2134,8340
2135,8341
2136,8342
2137,8343
2138,8344
2139,8345
2140,8346
2141,8347
2142,8348
2143,8349
2144,8350
2145,8351
2146,8352
2147,8353
2148,8354
2149,8355
2150,8356
2151,8357
2152,8358
2153,8359
2154,8360
2156,8362
2157,8363
2158,8364
2159,8365
2160,8366
2161,8367
2162,8368
2163,8369
2164,8370
2165,8371
2166,8372
2167,8373
2168,8374
2169,8375
2170,8376
2171,8377
2172,8378
2173,8379
2174,8380
2175,8381
2176,8382
2177,8383
2178,8384
2179,8385
2180,8386
2181,8387
2182,8388
2183,8389
2185,8391
2186,8392
2187,8393
2188,8394
2189,8395
2190,8396
2191,8397
2192,8398
2193,8399
2195,8401
2197,8403
2198,8404
2199,8405
2200,8406
2201,8407
2202,8408
2203,8409
2206,8412
2207,8413
2209,8415
2211,8417
2212,8418
2214,8420
2215,8421
2216,8422
2217,8423
2218,8424
2219,8425
2220,8426
2221,8427
2223,8429
2224,8430
2225,8431
2226,8432
2227,8433
2228,8434
2229,8435
2230,8436
2231,8437
2232,8438
2233,8439
2235,8441
2236,8442
2237,8443
2238,8444
2239,8445
2240,8446
2241,8447
2242,8448
2243,8449
2244,8450
2245,8451
2247,R022
2248,R023
2249,R032
2250,R045
2277,T074
2279,T077
2296,8452
2297,8453
2298,8454
2299,8455
2300,8456
2301,8457
2307,8459
2308,8460
2309,8461
2310,8462
2311,8463
2312,8464
2313,8465
2314,8466
2315,8467
2316,8468
2317,8469
2320,8470
2321,8471
2322,8472
2323,8473
2324,8474
2325,8017
2328,8020
2330,8022
2334,8475
2339,8479
2340,8480
2342,8482
2343,8483
2347,8485
2348,8486
2349,8487
2350,8488
2351,8489
2358,8491
2359,8492
2360,8493
2361,8494
2363,8496
2364,8497
2369,8498
2371,8500
2372,8501
2373,8502
2374,8503
2375,8504
2377,8033
2378,8034
2381,8490
2386,8040
2388,8042
2389,8505
2390,8506
2393,8509
2397,8515
2398,8510
2399,8511
2400,8512
2405,8520
2411,8050
2412,8051
2418,8516
2419,8517
2420,8521
2422,8524
2423,8525
2424,8526
2427,8522
2434,5447
2436,8527
2437,8528
2438,8529
2440,8531
2441,8532
2445,8534
2448,8538
2449,8539
2450,8540
2451,8537
2454,8544
2455,8545
2456,8546
2457,8547
2458,8548
2459,8549
2462,8069
2463,8070
2464,8071
2465,8072
2469,8553
2471,8556
2472,8558
2474,8555
2475,8559
2476,8560
2482,8081
2483,8541
2484,8542
2486,8550
2487,8552
2779,8557
2780,8561
2781,8562
2783,8564
4720,8092
4741,8569
4743,8571
4744,8572
4745,8573
4746,8574
4755,8097
4758,8565
4759,8566
4760,8567
4761,8568
4762,8575
4763,8576
4764,8577
4765,8578
4766,8579
4773,8582
4823,8104
4825,8583
4834,8584
4835,8585
4836,8586
4854,8591
4860,8588
4861,8589
4869,8596
4870,8597
4874,8107
4876,8109
4883,8590
4917,8599
4919,8601
4920,8602
5002,8609
5003,8610
5004,8611
5010,8134
5018,8614
5019,8615
5021,8617
5039,8142
5060,8619
5061,8620
5062,8621
5064,8623
5072,8626
5075,8149
5076,8150
5077,8151
5081,8624
5088,8629
5089,8630
5091,8632
5110,8640
5114,8637
5126,8159
5129,8642
5130,8643
5140,8646
5159,8652
5212,8654
5215,8657
5237,8661
5239,8659
5245,8179
5248,8183
5253,8662
5264,8671
5305,8681
5420,8693
5474,8706
5547,8722
5556,8726
5561,8731
